{
  "version": 1,
  "author": "Joao Alcaraz",
  "editor": "wokwi",
  "parts": [
    { "type": "board-esp32-s2-devkitm-1", "id": "esp", "top": -76.84, "left": 83.39, "attrs": {} },
    {
      "type": "wokwi-led",
      "id": "led1",
      "top": 192.24,
      "left": -155.39,
      "attrs": { "color": "purple" }
    },
    {
      "type": "wokwi-led",
      "id": "led2",
      "top": 202.07,
      "left": -210.83,
      "attrs": { "color": "red" }
    },
    {
      "type": "wokwi-photoresistor-sensor",
      "id": "ldr1",
      "top": -112.7,
      "left": -302.67,
      "attrs": {}
    },
    {
      "type": "wokwi-buzzer",
      "id": "bz1",
      "top": -75.13,
      "left": -388.49,
      "attrs": { "volume": "0.1" }
    },
    {
      "type": "wokwi-pushbutton",
      "id": "btn1",
      "top": 74.48,
      "left": -444.43,
      "attrs": { "color": "blue" }
    },
    {
      "type": "wokwi-pushbutton",
      "id": "btn2",
      "top": 139.12,
      "left": -446.06,
      "attrs": { "color": "green" }
    },
    {
      "type": "wokwi-led",
      "id": "led3",
      "top": 194.82,
      "left": -109.01,
      "attrs": { "color": "green" }
    },
    {
      "type": "wokwi-led",
      "id": "led4",
      "top": 189.67,
      "left": -47.71,
      "attrs": { "color": "red" }
    }
  ],
  "connections": [
    [ "esp:TX", "$serialMonitor:RX", "", [] ],
    [ "esp:RX", "$serialMonitor:TX", "", [] ],
    [ "led1:C", "esp:GND.1", "green", [ "v0" ] ],
    [ "led1:A", "esp:3", "green", [ "v0" ] ],
    [ "led2:C", "esp:GND.1", "green", [ "v0" ] ],
    [ "led2:A", "esp:4", "green", [ "v0" ] ],
    [ "ldr1:VCC", "esp:3V3", "red", [ "h0" ] ],
    [ "ldr1:GND", "esp:GND.1", "black", [ "h0" ] ],
    [ "ldr1:AO", "esp:5", "green", [ "h0" ] ],
    [ "bz1:1", "esp:GND.1", "green", [ "v0" ] ],
    [ "bz1:2", "esp:6", "green", [ "v0" ] ],
    [ "led3:C", "esp:GND.1", "green", [ "v0" ] ],
    [ "led3:A", "esp:7", "green", [ "v0" ] ],
    [ "led4:C", "esp:GND.1", "green", [ "v0" ] ],
    [ "led4:A", "esp:8", "green", [ "v0" ] ],
    [ "btn1:1.r", "esp:9", "green", [ "v0" ] ],
    [ "btn2:1.r", "esp:10", "green", [ "v0" ] ],
    [ "btn2:2.l", "esp:GND.1", "green", [ "h0" ] ],
    [ "btn1:2.l", "esp:GND.1", "green", [ "h0" ] ]
  ]
}